{"cameraMode":{"drawMode":0,"name":"Shaded","section":"Shading Mode"},"sceneLighting":false,"audioPlay":false,"sceneViewState":{"m_AlwaysRefresh":false,"showFog":true,"showSkybox":false,"showFlares":true,"showImageEffects":true,"showParticleSystems":true,"showVisualEffectGraphs":true,"m_FxEnabled":true},"in2DMode":false,"pivot":{"x":0.00009381771087646484,"y":1.8718385696411133,"z":1.2909290790557862},"rotation":{"x":-0.04928623512387276,"y":-0.659098207950592,"z":-0.043359849601984027,"w":0.7492038011550903},"size":2.4118847846984865,"orthographic":false}